sample-id	absolute-filepath
1x1x0	/Users/drgeasy/GoogleDrive/manifest_example/timedfeeding/2-rawfastq/FORWARD/1.1.22F.fastq.gz
1x3x4	/Users/drgeasy/GoogleDrive/manifest_example/timedfeeding/2-rawfastq/FORWARD/1.3.2F.fastq.gz
1x3x8	/Users/drgeasy/GoogleDrive/manifest_example/timedfeeding/2-rawfastq/FORWARD/1.3.6F.fastq.gz
1x3x12	/Users/drgeasy/GoogleDrive/manifest_example/timedfeeding/2-rawfastq/FORWARD/1.3.10F.fastq.gz
1x3x16	/Users/drgeasy/GoogleDrive/manifest_example/timedfeeding/2-rawfastq/FORWARD/1.3.14F.fastq.gz
1x3x20	/Users/drgeasy/GoogleDrive/manifest_example/timedfeeding/2-rawfastq/FORWARD/1.3.18F.fastq.gz
1x3x0	/Users/drgeasy/GoogleDrive/manifest_example/timedfeeding/2-rawfastq/FORWARD/1.3.22F.fastq.gz
1x1x4	/Users/drgeasy/GoogleDrive/manifest_example/timedfeeding/2-rawfastq/FORWARD/1x1x2F.fastq.gz
1x1x8	/Users/drgeasy/GoogleDrive/manifest_example/timedfeeding/2-rawfastq/FORWARD/1x1x6F.fastq.gz
1x1x12	/Users/drgeasy/GoogleDrive/manifest_example/timedfeeding/2-rawfastq/FORWARD/1x1x10F.fastq.gz
1x1x16	/Users/drgeasy/GoogleDrive/manifest_example/timedfeeding/2-rawfastq/FORWARD/1x1x14F.fastq.gz
1x1x20	/Users/drgeasy/GoogleDrive/manifest_example/timedfeeding/2-rawfastq/FORWARD/1x1x18F.fastq.gz
2x1x20	/Users/drgeasy/GoogleDrive/manifest_example/timedfeeding/2-rawfastq/FORWARD/2.1.18F.fastq.gz
2x1x0	/Users/drgeasy/GoogleDrive/manifest_example/timedfeeding/2-rawfastq/FORWARD/2.1.22F.fastq.gz
2x3x4	/Users/drgeasy/GoogleDrive/manifest_example/timedfeeding/2-rawfastq/FORWARD/2.3.2F.fastq.gz
2x3x8	/Users/drgeasy/GoogleDrive/manifest_example/timedfeeding/2-rawfastq/FORWARD/2.3.6F.fastq.gz
2x3x12	/Users/drgeasy/GoogleDrive/manifest_example/timedfeeding/2-rawfastq/FORWARD/2.3.10F.fastq.gz
2x3x16	/Users/drgeasy/GoogleDrive/manifest_example/timedfeeding/2-rawfastq/FORWARD/2.3.14F.fastq.gz
2x3x20	/Users/drgeasy/GoogleDrive/manifest_example/timedfeeding/2-rawfastq/FORWARD/2.3.18F.fastq.gz
2x3x0	/Users/drgeasy/GoogleDrive/manifest_example/timedfeeding/2-rawfastq/FORWARD/2.3.22F.fastq.gz
2x1x8	/Users/drgeasy/GoogleDrive/manifest_example/timedfeeding/2-rawfastq/FORWARD/2x1x6F.fastq.gz
2x1x12	/Users/drgeasy/GoogleDrive/manifest_example/timedfeeding/2-rawfastq/FORWARD/2x1x10F.fastq.gz
2x1x16	/Users/drgeasy/GoogleDrive/manifest_example/timedfeeding/2-rawfastq/FORWARD/2x1x14F.fastq.gz
3x3x4	/Users/drgeasy/GoogleDrive/manifest_example/timedfeeding/2-rawfastq/FORWARD/3.3.2F.fastq.gz
3x3x8	/Users/drgeasy/GoogleDrive/manifest_example/timedfeeding/2-rawfastq/FORWARD/3.3.6F.fastq.gz
3x3x12	/Users/drgeasy/GoogleDrive/manifest_example/timedfeeding/2-rawfastq/FORWARD/3.3.10F.fastq.gz
3x3x16	/Users/drgeasy/GoogleDrive/manifest_example/timedfeeding/2-rawfastq/FORWARD/3.3.14F.fastq.gz
3x3x20	/Users/drgeasy/GoogleDrive/manifest_example/timedfeeding/2-rawfastq/FORWARD/3.3.18F.fastq.gz
3x3x0	/Users/drgeasy/GoogleDrive/manifest_example/timedfeeding/2-rawfastq/FORWARD/3.3.22F.fastq.gz
4x3x4	/Users/drgeasy/GoogleDrive/manifest_example/timedfeeding/2-rawfastq/FORWARD/4.3.2F.fastq.gz
4x3x8	/Users/drgeasy/GoogleDrive/manifest_example/timedfeeding/2-rawfastq/FORWARD/4.3.6F.fastq.gz
4x3x12	/Users/drgeasy/GoogleDrive/manifest_example/timedfeeding/2-rawfastq/FORWARD/4.3.10F.fastq.gz
4x3x16	/Users/drgeasy/GoogleDrive/manifest_example/timedfeeding/2-rawfastq/FORWARD/4.3.14F.fastq.gz
4x3x20	/Users/drgeasy/GoogleDrive/manifest_example/timedfeeding/2-rawfastq/FORWARD/4.3.18F.fastq.gz
4x3x0	/Users/drgeasy/GoogleDrive/manifest_example/timedfeeding/2-rawfastq/FORWARD/4.3.22F.fastq.gz
5x1x20	/Users/drgeasy/GoogleDrive/manifest_example/timedfeeding/2-rawfastq/FORWARD/5.1.18F.fastq.gz
5x1x0	/Users/drgeasy/GoogleDrive/manifest_example/timedfeeding/2-rawfastq/FORWARD/5.1.22F.fastq.gz
5x3x4	/Users/drgeasy/GoogleDrive/manifest_example/timedfeeding/2-rawfastq/FORWARD/5.3.2F.fastq.gz
5x3x8	/Users/drgeasy/GoogleDrive/manifest_example/timedfeeding/2-rawfastq/FORWARD/5.3.6F.fastq.gz
5x3x12	/Users/drgeasy/GoogleDrive/manifest_example/timedfeeding/2-rawfastq/FORWARD/5.3.10F.fastq.gz
5x3x16	/Users/drgeasy/GoogleDrive/manifest_example/timedfeeding/2-rawfastq/FORWARD/5.3.14F.fastq.gz
5x3x20	/Users/drgeasy/GoogleDrive/manifest_example/timedfeeding/2-rawfastq/FORWARD/5.3.18F.fastq.gz
5x3x0	/Users/drgeasy/GoogleDrive/manifest_example/timedfeeding/2-rawfastq/FORWARD/5.3.22F.fastq.gz
5x1x4	/Users/drgeasy/GoogleDrive/manifest_example/timedfeeding/2-rawfastq/FORWARD/5x1x2F.fastq.gz
5x1x8	/Users/drgeasy/GoogleDrive/manifest_example/timedfeeding/2-rawfastq/FORWARD/5x1x6F.fastq.gz
5x1x12	/Users/drgeasy/GoogleDrive/manifest_example/timedfeeding/2-rawfastq/FORWARD/5x1x10F.fastq.gz
5x1x16	/Users/drgeasy/GoogleDrive/manifest_example/timedfeeding/2-rawfastq/FORWARD/5x1x14F.fastq.gz
6x1x20	/Users/drgeasy/GoogleDrive/manifest_example/timedfeeding/2-rawfastq/FORWARD/6.1.18F.fastq.gz
6x1x0	/Users/drgeasy/GoogleDrive/manifest_example/timedfeeding/2-rawfastq/FORWARD/6.1.22F.fastq.gz
6x3x4	/Users/drgeasy/GoogleDrive/manifest_example/timedfeeding/2-rawfastq/FORWARD/6.3.2F.fastq.gz
6x3x8	/Users/drgeasy/GoogleDrive/manifest_example/timedfeeding/2-rawfastq/FORWARD/6.3.6F.fastq.gz
6x3x12	/Users/drgeasy/GoogleDrive/manifest_example/timedfeeding/2-rawfastq/FORWARD/6.3.10F.fastq.gz
6x3x16	/Users/drgeasy/GoogleDrive/manifest_example/timedfeeding/2-rawfastq/FORWARD/6.3.14F.fastq.gz
6x3x20	/Users/drgeasy/GoogleDrive/manifest_example/timedfeeding/2-rawfastq/FORWARD/6.3.18F.fastq.gz
6x3x0	/Users/drgeasy/GoogleDrive/manifest_example/timedfeeding/2-rawfastq/FORWARD/6.3.22F.fastq.gz
6x1x4	/Users/drgeasy/GoogleDrive/manifest_example/timedfeeding/2-rawfastq/FORWARD/6x1x2F.fastq.gz
6x1x8	/Users/drgeasy/GoogleDrive/manifest_example/timedfeeding/2-rawfastq/FORWARD/6x1x6F.fastq.gz
6x1x12	/Users/drgeasy/GoogleDrive/manifest_example/timedfeeding/2-rawfastq/FORWARD/6x1x10F.fastq.gz
6x1x16	/Users/drgeasy/GoogleDrive/manifest_example/timedfeeding/2-rawfastq/FORWARD/6x1x14F.fastq.gz
7x3x4	/Users/drgeasy/GoogleDrive/manifest_example/timedfeeding/2-rawfastq/FORWARD/7.3.2F.fastq.gz
7x3x8	/Users/drgeasy/GoogleDrive/manifest_example/timedfeeding/2-rawfastq/FORWARD/7.3.6F.fastq.gz
7x3x12	/Users/drgeasy/GoogleDrive/manifest_example/timedfeeding/2-rawfastq/FORWARD/7.3.10F.fastq.gz
7x3x16	/Users/drgeasy/GoogleDrive/manifest_example/timedfeeding/2-rawfastq/FORWARD/7.3.14F.fastq.gz
7x3x20	/Users/drgeasy/GoogleDrive/manifest_example/timedfeeding/2-rawfastq/FORWARD/7.3.18F.fastq.gz
7x3x0	/Users/drgeasy/GoogleDrive/manifest_example/timedfeeding/2-rawfastq/FORWARD/7.3.22F.fastq.gz
8x3x4	/Users/drgeasy/GoogleDrive/manifest_example/timedfeeding/2-rawfastq/FORWARD/8.3.2F.fastq.gz
8x3x8	/Users/drgeasy/GoogleDrive/manifest_example/timedfeeding/2-rawfastq/FORWARD/8.3.6F.fastq.gz
8x3x12	/Users/drgeasy/GoogleDrive/manifest_example/timedfeeding/2-rawfastq/FORWARD/8.3.10F.fastq.gz
8x3x16	/Users/drgeasy/GoogleDrive/manifest_example/timedfeeding/2-rawfastq/FORWARD/8.3.14F.fastq.gz
8x3x20	/Users/drgeasy/GoogleDrive/manifest_example/timedfeeding/2-rawfastq/FORWARD/8.3.18F.fastq.gz
8x3x0	/Users/drgeasy/GoogleDrive/manifest_example/timedfeeding/2-rawfastq/FORWARD/8.3.22F.fastq.gz
9x1x4	/Users/drgeasy/GoogleDrive/manifest_example/timedfeeding/2-rawfastq/FORWARD/9.1.2F.fastq.gz
9x1x8	/Users/drgeasy/GoogleDrive/manifest_example/timedfeeding/2-rawfastq/FORWARD/9.1.6F.fastq.gz
9x1x12	/Users/drgeasy/GoogleDrive/manifest_example/timedfeeding/2-rawfastq/FORWARD/9.1.10F.fastq.gz
9x3x4	/Users/drgeasy/GoogleDrive/manifest_example/timedfeeding/2-rawfastq/FORWARD/9.3.2F.fastq.gz
9x3x8	/Users/drgeasy/GoogleDrive/manifest_example/timedfeeding/2-rawfastq/FORWARD/9.3.6F.fastq.gz
9x3x12	/Users/drgeasy/GoogleDrive/manifest_example/timedfeeding/2-rawfastq/FORWARD/9.3.10F.fastq.gz
9x3x16	/Users/drgeasy/GoogleDrive/manifest_example/timedfeeding/2-rawfastq/FORWARD/9.3.14F.fastq.gz
9x3x20	/Users/drgeasy/GoogleDrive/manifest_example/timedfeeding/2-rawfastq/FORWARD/9.3.18F.fastq.gz
9x3x0	/Users/drgeasy/GoogleDrive/manifest_example/timedfeeding/2-rawfastq/FORWARD/9.3.22F.fastq.gz
9x1x16	/Users/drgeasy/GoogleDrive/manifest_example/timedfeeding/2-rawfastq/FORWARD/9x1x14F.fastq.gz
9x1x20	/Users/drgeasy/GoogleDrive/manifest_example/timedfeeding/2-rawfastq/FORWARD/9x1x18F.fastq.gz
9x1x0	/Users/drgeasy/GoogleDrive/manifest_example/timedfeeding/2-rawfastq/FORWARD/9x1x22F.fastq.gz
10x1x4	/Users/drgeasy/GoogleDrive/manifest_example/timedfeeding/2-rawfastq/FORWARD/10.1.2F.fastq.gz
10x1x8	/Users/drgeasy/GoogleDrive/manifest_example/timedfeeding/2-rawfastq/FORWARD/10.1.6F.fastq.gz
10x3x4	/Users/drgeasy/GoogleDrive/manifest_example/timedfeeding/2-rawfastq/FORWARD/10.3.2F.fastq.gz
10x3x8	/Users/drgeasy/GoogleDrive/manifest_example/timedfeeding/2-rawfastq/FORWARD/10.3.6F.fastq.gz
10x3x12	/Users/drgeasy/GoogleDrive/manifest_example/timedfeeding/2-rawfastq/FORWARD/10.3.10F.fastq.gz
10x3x16	/Users/drgeasy/GoogleDrive/manifest_example/timedfeeding/2-rawfastq/FORWARD/10.3.14F.fastq.gz
10x3x20	/Users/drgeasy/GoogleDrive/manifest_example/timedfeeding/2-rawfastq/FORWARD/10.3.18F.fastq.gz
10x3x0	/Users/drgeasy/GoogleDrive/manifest_example/timedfeeding/2-rawfastq/FORWARD/10.3.22F.fastq.gz
10x1x12	/Users/drgeasy/GoogleDrive/manifest_example/timedfeeding/2-rawfastq/FORWARD/10x1x10F.fastq.gz
10x1x16	/Users/drgeasy/GoogleDrive/manifest_example/timedfeeding/2-rawfastq/FORWARD/10x1x14F.fastq.gz
10x1x20	/Users/drgeasy/GoogleDrive/manifest_example/timedfeeding/2-rawfastq/FORWARD/10x1x18F.fastq.gz
10x1x0	/Users/drgeasy/GoogleDrive/manifest_example/timedfeeding/2-rawfastq/FORWARD/10x1x22F.fastq.gz
11x3x4	/Users/drgeasy/GoogleDrive/manifest_example/timedfeeding/2-rawfastq/FORWARD/11.3.2F.fastq.gz
11x3x8	/Users/drgeasy/GoogleDrive/manifest_example/timedfeeding/2-rawfastq/FORWARD/11.3.6F.fastq.gz
11x3x12	/Users/drgeasy/GoogleDrive/manifest_example/timedfeeding/2-rawfastq/FORWARD/11.3.10F.fastq.gz
11x3x16	/Users/drgeasy/GoogleDrive/manifest_example/timedfeeding/2-rawfastq/FORWARD/11.3.14F.fastq.gz
11x3x20	/Users/drgeasy/GoogleDrive/manifest_example/timedfeeding/2-rawfastq/FORWARD/11.3.18F.fastq.gz
11x3x0	/Users/drgeasy/GoogleDrive/manifest_example/timedfeeding/2-rawfastq/FORWARD/11.3.22F.fastq.gz
12x3x4	/Users/drgeasy/GoogleDrive/manifest_example/timedfeeding/2-rawfastq/FORWARD/12.3.2F.fastq.gz
12x3x8	/Users/drgeasy/GoogleDrive/manifest_example/timedfeeding/2-rawfastq/FORWARD/12.3.6F.fastq.gz
12x3x12	/Users/drgeasy/GoogleDrive/manifest_example/timedfeeding/2-rawfastq/FORWARD/12.3.10F.fastq.gz
12x3x16	/Users/drgeasy/GoogleDrive/manifest_example/timedfeeding/2-rawfastq/FORWARD/12.3.14F.fastq.gz
12x3x20	/Users/drgeasy/GoogleDrive/manifest_example/timedfeeding/2-rawfastq/FORWARD/12.3.18F.fastq.gz
12x3x0	/Users/drgeasy/GoogleDrive/manifest_example/timedfeeding/2-rawfastq/FORWARD/12.3.22F.fastq.gz
13x1x4	/Users/drgeasy/GoogleDrive/manifest_example/timedfeeding/2-rawfastq/FORWARD/13.1.2F.fastq.gz
13x1x8	/Users/drgeasy/GoogleDrive/manifest_example/timedfeeding/2-rawfastq/FORWARD/13.1.6F.fastq.gz
13x3x4	/Users/drgeasy/GoogleDrive/manifest_example/timedfeeding/2-rawfastq/FORWARD/13.3.2F.fastq.gz
13x3x8	/Users/drgeasy/GoogleDrive/manifest_example/timedfeeding/2-rawfastq/FORWARD/13.3.6F.fastq.gz
13x3x12	/Users/drgeasy/GoogleDrive/manifest_example/timedfeeding/2-rawfastq/FORWARD/13.3.10F.fastq.gz
13x3x16	/Users/drgeasy/GoogleDrive/manifest_example/timedfeeding/2-rawfastq/FORWARD/13.3.14F.fastq.gz
13x3x20	/Users/drgeasy/GoogleDrive/manifest_example/timedfeeding/2-rawfastq/FORWARD/13.3.18F.fastq.gz
13x3x0	/Users/drgeasy/GoogleDrive/manifest_example/timedfeeding/2-rawfastq/FORWARD/13.3.22F.fastq.gz
13x1x12	/Users/drgeasy/GoogleDrive/manifest_example/timedfeeding/2-rawfastq/FORWARD/13x1x10F.fastq.gz
13x1x16	/Users/drgeasy/GoogleDrive/manifest_example/timedfeeding/2-rawfastq/FORWARD/13x1x14F.fastq.gz
13x1x20	/Users/drgeasy/GoogleDrive/manifest_example/timedfeeding/2-rawfastq/FORWARD/13x1x18F.fastq.gz
13x1x0	/Users/drgeasy/GoogleDrive/manifest_example/timedfeeding/2-rawfastq/FORWARD/13x1x22F.fastq.gz
14x1x4	/Users/drgeasy/GoogleDrive/manifest_example/timedfeeding/2-rawfastq/FORWARD/14.1.2F.fastq.gz
14x1x8	/Users/drgeasy/GoogleDrive/manifest_example/timedfeeding/2-rawfastq/FORWARD/14.1.6F.fastq.gz
14x3x4	/Users/drgeasy/GoogleDrive/manifest_example/timedfeeding/2-rawfastq/FORWARD/14.3.2F.fastq.gz
14x3x8	/Users/drgeasy/GoogleDrive/manifest_example/timedfeeding/2-rawfastq/FORWARD/14.3.6F.fastq.gz
14x3x12	/Users/drgeasy/GoogleDrive/manifest_example/timedfeeding/2-rawfastq/FORWARD/14.3.10F.fastq.gz
14x3x16	/Users/drgeasy/GoogleDrive/manifest_example/timedfeeding/2-rawfastq/FORWARD/14.3.14F.fastq.gz
14x3x20	/Users/drgeasy/GoogleDrive/manifest_example/timedfeeding/2-rawfastq/FORWARD/14.3.18F.fastq.gz
14x3x0	/Users/drgeasy/GoogleDrive/manifest_example/timedfeeding/2-rawfastq/FORWARD/14.3.22F.fastq.gz
14x1x12	/Users/drgeasy/GoogleDrive/manifest_example/timedfeeding/2-rawfastq/FORWARD/14x1x10F.fastq.gz
14x1x16	/Users/drgeasy/GoogleDrive/manifest_example/timedfeeding/2-rawfastq/FORWARD/14x1x14F.fastq.gz
14x1x20	/Users/drgeasy/GoogleDrive/manifest_example/timedfeeding/2-rawfastq/FORWARD/14x1x18F.fastq.gz
14x1x0	/Users/drgeasy/GoogleDrive/manifest_example/timedfeeding/2-rawfastq/FORWARD/14x1x22F.fastq.gz
16x3x8	/Users/drgeasy/GoogleDrive/manifest_example/timedfeeding/2-rawfastq/FORWARD/16.3.6F.fastq.gz
16x3x12	/Users/drgeasy/GoogleDrive/manifest_example/timedfeeding/2-rawfastq/FORWARD/16.3.10F.fastq.gz
16x3x16	/Users/drgeasy/GoogleDrive/manifest_example/timedfeeding/2-rawfastq/FORWARD/16.3.14F.fastq.gz
16x3x20	/Users/drgeasy/GoogleDrive/manifest_example/timedfeeding/2-rawfastq/FORWARD/16.3.18F.fastq.gz
16x3x0	/Users/drgeasy/GoogleDrive/manifest_example/timedfeeding/2-rawfastq/FORWARD/16.3.22F.fastq.gz
17x3x4	/Users/drgeasy/GoogleDrive/manifest_example/timedfeeding/2-rawfastq/FORWARD/17.3.2F.fastq.gz
17x3x8	/Users/drgeasy/GoogleDrive/manifest_example/timedfeeding/2-rawfastq/FORWARD/17.3.6F.fastq.gz
17x3x12	/Users/drgeasy/GoogleDrive/manifest_example/timedfeeding/2-rawfastq/FORWARD/17.3.10F.fastq.gz
17x3x16	/Users/drgeasy/GoogleDrive/manifest_example/timedfeeding/2-rawfastq/FORWARD/17.3.14F.fastq.gz
17x3x20	/Users/drgeasy/GoogleDrive/manifest_example/timedfeeding/2-rawfastq/FORWARD/17.3.18F.fastq.gz
17x1x4	/Users/drgeasy/GoogleDrive/manifest_example/timedfeeding/2-rawfastq/FORWARD/17x1x2F.fastq.gz
17x1x8	/Users/drgeasy/GoogleDrive/manifest_example/timedfeeding/2-rawfastq/FORWARD/17x1x6F.fastq.gz
17x1x12	/Users/drgeasy/GoogleDrive/manifest_example/timedfeeding/2-rawfastq/FORWARD/17x1x10F.fastq.gz
17x1x16	/Users/drgeasy/GoogleDrive/manifest_example/timedfeeding/2-rawfastq/FORWARD/17x1x14F.fastq.gz
17x1x20	/Users/drgeasy/GoogleDrive/manifest_example/timedfeeding/2-rawfastq/FORWARD/17x1x18F.fastq.gz
17x1x0	/Users/drgeasy/GoogleDrive/manifest_example/timedfeeding/2-rawfastq/FORWARD/17x1x22F.fastq.gz
17x3x0	/Users/drgeasy/GoogleDrive/manifest_example/timedfeeding/2-rawfastq/FORWARD/17x3x22F.fastq.gz
18x3x4	/Users/drgeasy/GoogleDrive/manifest_example/timedfeeding/2-rawfastq/FORWARD/18.3.2F.fastq.gz
18x3x8	/Users/drgeasy/GoogleDrive/manifest_example/timedfeeding/2-rawfastq/FORWARD/18.3.6F.fastq.gz
18x3x12	/Users/drgeasy/GoogleDrive/manifest_example/timedfeeding/2-rawfastq/FORWARD/18.3.10F.fastq.gz
18x3x20	/Users/drgeasy/GoogleDrive/manifest_example/timedfeeding/2-rawfastq/FORWARD/18.3.18F.fastq.gz
18x1x4	/Users/drgeasy/GoogleDrive/manifest_example/timedfeeding/2-rawfastq/FORWARD/18x1x2F.fastq.gz
18x1x8	/Users/drgeasy/GoogleDrive/manifest_example/timedfeeding/2-rawfastq/FORWARD/18x1x6F.fastq.gz
18x1x12	/Users/drgeasy/GoogleDrive/manifest_example/timedfeeding/2-rawfastq/FORWARD/18x1x10F.fastq.gz
18x1x16	/Users/drgeasy/GoogleDrive/manifest_example/timedfeeding/2-rawfastq/FORWARD/18x1x14F.fastq.gz
18x1x20	/Users/drgeasy/GoogleDrive/manifest_example/timedfeeding/2-rawfastq/FORWARD/18x1x18F.fastq.gz
18x1x0	/Users/drgeasy/GoogleDrive/manifest_example/timedfeeding/2-rawfastq/FORWARD/18x1x22F.fastq.gz
18x3x16	/Users/drgeasy/GoogleDrive/manifest_example/timedfeeding/2-rawfastq/FORWARD/18x3x14F.fastq.gz
18x3x0	/Users/drgeasy/GoogleDrive/manifest_example/timedfeeding/2-rawfastq/FORWARD/18x3x22F.fastq.gz
19x3x4	/Users/drgeasy/GoogleDrive/manifest_example/timedfeeding/2-rawfastq/FORWARD/19.3.2F.fastq.gz
19x3x8	/Users/drgeasy/GoogleDrive/manifest_example/timedfeeding/2-rawfastq/FORWARD/19.3.6F.fastq.gz
19x3x12	/Users/drgeasy/GoogleDrive/manifest_example/timedfeeding/2-rawfastq/FORWARD/19.3.10F.fastq.gz
19x3x20	/Users/drgeasy/GoogleDrive/manifest_example/timedfeeding/2-rawfastq/FORWARD/19.3.18F.fastq.gz
19x3x16	/Users/drgeasy/GoogleDrive/manifest_example/timedfeeding/2-rawfastq/FORWARD/19x3x14F.fastq.gz
19x3x0	/Users/drgeasy/GoogleDrive/manifest_example/timedfeeding/2-rawfastq/FORWARD/19x3x22F.fastq.gz
20x3x4	/Users/drgeasy/GoogleDrive/manifest_example/timedfeeding/2-rawfastq/FORWARD/20.3.2F.fastq.gz
20x3x8	/Users/drgeasy/GoogleDrive/manifest_example/timedfeeding/2-rawfastq/FORWARD/20.3.6F.fastq.gz
20x3x12	/Users/drgeasy/GoogleDrive/manifest_example/timedfeeding/2-rawfastq/FORWARD/20.3.10F.fastq.gz
20x3x20	/Users/drgeasy/GoogleDrive/manifest_example/timedfeeding/2-rawfastq/FORWARD/20.3.18F.fastq.gz
20x3x16	/Users/drgeasy/GoogleDrive/manifest_example/timedfeeding/2-rawfastq/FORWARD/20x3x14F.fastq.gz
20x3x0	/Users/drgeasy/GoogleDrive/manifest_example/timedfeeding/2-rawfastq/FORWARD/20x3x22F.fastq.gz
21x1x4	/Users/drgeasy/GoogleDrive/manifest_example/timedfeeding/2-rawfastq/FORWARD/21x1x2F.fastq.gz
21x1x12	/Users/drgeasy/GoogleDrive/manifest_example/timedfeeding/2-rawfastq/FORWARD/21x1x10F.fastq.gz
21x1x16	/Users/drgeasy/GoogleDrive/manifest_example/timedfeeding/2-rawfastq/FORWARD/21x1x14F.fastq.gz
21x1x20	/Users/drgeasy/GoogleDrive/manifest_example/timedfeeding/2-rawfastq/FORWARD/21x1x18F.fastq.gz
21x1x0	/Users/drgeasy/GoogleDrive/manifest_example/timedfeeding/2-rawfastq/FORWARD/21x1x22F.fastq.gz
21x3x4	/Users/drgeasy/GoogleDrive/manifest_example/timedfeeding/2-rawfastq/FORWARD/21x3x2F.fastq.gz
21x3x8	/Users/drgeasy/GoogleDrive/manifest_example/timedfeeding/2-rawfastq/FORWARD/21x3x6F.fastq.gz
21x3x12	/Users/drgeasy/GoogleDrive/manifest_example/timedfeeding/2-rawfastq/FORWARD/21x3x10F.fastq.gz
21x3x16	/Users/drgeasy/GoogleDrive/manifest_example/timedfeeding/2-rawfastq/FORWARD/21x3x14F.fastq.gz
21x3x20	/Users/drgeasy/GoogleDrive/manifest_example/timedfeeding/2-rawfastq/FORWARD/21x3x18F.fastq.gz
21x3x0	/Users/drgeasy/GoogleDrive/manifest_example/timedfeeding/2-rawfastq/FORWARD/21x3x22F.fastq.gz
21x1x8	/Users/drgeasy/GoogleDrive/manifest_example/timedfeeding/2-rawfastq/FORWARD/21x6x1x6F.fastq.gz
22x1x4	/Users/drgeasy/GoogleDrive/manifest_example/timedfeeding/2-rawfastq/FORWARD/22x1x2F.fastq.gz
22x1x8	/Users/drgeasy/GoogleDrive/manifest_example/timedfeeding/2-rawfastq/FORWARD/22x1x6F.fastq.gz
22x1x12	/Users/drgeasy/GoogleDrive/manifest_example/timedfeeding/2-rawfastq/FORWARD/22x1x10F.fastq.gz
22x1x16	/Users/drgeasy/GoogleDrive/manifest_example/timedfeeding/2-rawfastq/FORWARD/22x1x14F.fastq.gz
22x1x20	/Users/drgeasy/GoogleDrive/manifest_example/timedfeeding/2-rawfastq/FORWARD/22x1x18F.fastq.gz
22x1x0	/Users/drgeasy/GoogleDrive/manifest_example/timedfeeding/2-rawfastq/FORWARD/22x1x22F.fastq.gz
22x3x4	/Users/drgeasy/GoogleDrive/manifest_example/timedfeeding/2-rawfastq/FORWARD/22x3x2F.fastq.gz
22x3x8	/Users/drgeasy/GoogleDrive/manifest_example/timedfeeding/2-rawfastq/FORWARD/22x3x6F.fastq.gz
22x3x12	/Users/drgeasy/GoogleDrive/manifest_example/timedfeeding/2-rawfastq/FORWARD/22x3x10F.fastq.gz
22x3x16	/Users/drgeasy/GoogleDrive/manifest_example/timedfeeding/2-rawfastq/FORWARD/22x3x14F.fastq.gz
22x3x20	/Users/drgeasy/GoogleDrive/manifest_example/timedfeeding/2-rawfastq/FORWARD/22x3x18F.fastq.gz
22x3x0	/Users/drgeasy/GoogleDrive/manifest_example/timedfeeding/2-rawfastq/FORWARD/22x3x22F.fastq.gz
23x3x8	/Users/drgeasy/GoogleDrive/manifest_example/timedfeeding/2-rawfastq/FORWARD/23x3x6F.fastq.gz
23x3x12	/Users/drgeasy/GoogleDrive/manifest_example/timedfeeding/2-rawfastq/FORWARD/23x3x10F.fastq.gz
23x3x16	/Users/drgeasy/GoogleDrive/manifest_example/timedfeeding/2-rawfastq/FORWARD/23x3x14F.fastq.gz
23x3x20	/Users/drgeasy/GoogleDrive/manifest_example/timedfeeding/2-rawfastq/FORWARD/23x3x18F.fastq.gz
23x3x0	/Users/drgeasy/GoogleDrive/manifest_example/timedfeeding/2-rawfastq/FORWARD/23x3x22F.fastq.gz
24x3x4	/Users/drgeasy/GoogleDrive/manifest_example/timedfeeding/2-rawfastq/FORWARD/24x3x2F.fastq.gz
24x3x8	/Users/drgeasy/GoogleDrive/manifest_example/timedfeeding/2-rawfastq/FORWARD/24x3x6F.fastq.gz
24x3x12	/Users/drgeasy/GoogleDrive/manifest_example/timedfeeding/2-rawfastq/FORWARD/24x3x10F.fastq.gz
24x3x16	/Users/drgeasy/GoogleDrive/manifest_example/timedfeeding/2-rawfastq/FORWARD/24x3x14F.fastq.gz
24x3x20	/Users/drgeasy/GoogleDrive/manifest_example/timedfeeding/2-rawfastq/FORWARD/24x3x18F.fastq.gz
24x3x0	/Users/drgeasy/GoogleDrive/manifest_example/timedfeeding/2-rawfastq/FORWARD/24x3x22F.fastq.gz
25x1x4	/Users/drgeasy/GoogleDrive/manifest_example/timedfeeding/2-rawfastq/FORWARD/25x1x2F.fastq.gz
25x1x8	/Users/drgeasy/GoogleDrive/manifest_example/timedfeeding/2-rawfastq/FORWARD/25x1x6F.fastq.gz
25x1x12	/Users/drgeasy/GoogleDrive/manifest_example/timedfeeding/2-rawfastq/FORWARD/25x1x10F.fastq.gz
25x1x16	/Users/drgeasy/GoogleDrive/manifest_example/timedfeeding/2-rawfastq/FORWARD/25x1x14F.fastq.gz
25x1x20	/Users/drgeasy/GoogleDrive/manifest_example/timedfeeding/2-rawfastq/FORWARD/25x1x18F.fastq.gz
25x1x0	/Users/drgeasy/GoogleDrive/manifest_example/timedfeeding/2-rawfastq/FORWARD/25x1x22F.fastq.gz
25x3x4	/Users/drgeasy/GoogleDrive/manifest_example/timedfeeding/2-rawfastq/FORWARD/25x3x2F.fastq.gz
25x3x8	/Users/drgeasy/GoogleDrive/manifest_example/timedfeeding/2-rawfastq/FORWARD/25x3x6F.fastq.gz
25x3x12	/Users/drgeasy/GoogleDrive/manifest_example/timedfeeding/2-rawfastq/FORWARD/25x3x10F.fastq.gz
25x3x16	/Users/drgeasy/GoogleDrive/manifest_example/timedfeeding/2-rawfastq/FORWARD/25x3x14F.fastq.gz
25x3x20	/Users/drgeasy/GoogleDrive/manifest_example/timedfeeding/2-rawfastq/FORWARD/25x3x18F.fastq.gz
25x3x0	/Users/drgeasy/GoogleDrive/manifest_example/timedfeeding/2-rawfastq/FORWARD/25x3x22F.fastq.gz
26x1x4	/Users/drgeasy/GoogleDrive/manifest_example/timedfeeding/2-rawfastq/FORWARD/26x1x2F.fastq.gz
26x1x8	/Users/drgeasy/GoogleDrive/manifest_example/timedfeeding/2-rawfastq/FORWARD/26x1x6F.fastq.gz
26x1x12	/Users/drgeasy/GoogleDrive/manifest_example/timedfeeding/2-rawfastq/FORWARD/26x1x10F.fastq.gz
26x1x16	/Users/drgeasy/GoogleDrive/manifest_example/timedfeeding/2-rawfastq/FORWARD/26x1x14F.fastq.gz
26x1x20	/Users/drgeasy/GoogleDrive/manifest_example/timedfeeding/2-rawfastq/FORWARD/26x1x18F.fastq.gz
26x1x0	/Users/drgeasy/GoogleDrive/manifest_example/timedfeeding/2-rawfastq/FORWARD/26x1x22F.fastq.gz
26x3x4	/Users/drgeasy/GoogleDrive/manifest_example/timedfeeding/2-rawfastq/FORWARD/26x3x2F.fastq.gz
26x3x8	/Users/drgeasy/GoogleDrive/manifest_example/timedfeeding/2-rawfastq/FORWARD/26x3x6F.fastq.gz
26x3x12	/Users/drgeasy/GoogleDrive/manifest_example/timedfeeding/2-rawfastq/FORWARD/26x3x10F.fastq.gz
26x3x16	/Users/drgeasy/GoogleDrive/manifest_example/timedfeeding/2-rawfastq/FORWARD/26x3x14F.fastq.gz
26x3x20	/Users/drgeasy/GoogleDrive/manifest_example/timedfeeding/2-rawfastq/FORWARD/26x3x18F.fastq.gz
26x3x0	/Users/drgeasy/GoogleDrive/manifest_example/timedfeeding/2-rawfastq/FORWARD/26x3x22F.fastq.gz
27x3x4	/Users/drgeasy/GoogleDrive/manifest_example/timedfeeding/2-rawfastq/FORWARD/27x3x2F.fastq.gz
27x3x8	/Users/drgeasy/GoogleDrive/manifest_example/timedfeeding/2-rawfastq/FORWARD/27x3x6F.fastq.gz
27x3x12	/Users/drgeasy/GoogleDrive/manifest_example/timedfeeding/2-rawfastq/FORWARD/27x3x10F.fastq.gz
27x3x16	/Users/drgeasy/GoogleDrive/manifest_example/timedfeeding/2-rawfastq/FORWARD/27x3x14F.fastq.gz
27x3x20	/Users/drgeasy/GoogleDrive/manifest_example/timedfeeding/2-rawfastq/FORWARD/27x3x18F.fastq.gz
27x3x0	/Users/drgeasy/GoogleDrive/manifest_example/timedfeeding/2-rawfastq/FORWARD/27x3x22F.fastq.gz
28x3x4	/Users/drgeasy/GoogleDrive/manifest_example/timedfeeding/2-rawfastq/FORWARD/28x3x2F.fastq.gz
28x3x8	/Users/drgeasy/GoogleDrive/manifest_example/timedfeeding/2-rawfastq/FORWARD/28x3x6F.fastq.gz
28x3x12	/Users/drgeasy/GoogleDrive/manifest_example/timedfeeding/2-rawfastq/FORWARD/28x3x10F.fastq.gz
28x3x16	/Users/drgeasy/GoogleDrive/manifest_example/timedfeeding/2-rawfastq/FORWARD/28x3x14F.fastq.gz
28x3x20	/Users/drgeasy/GoogleDrive/manifest_example/timedfeeding/2-rawfastq/FORWARD/28x3x18F.fastq.gz
28x3x0	/Users/drgeasy/GoogleDrive/manifest_example/timedfeeding/2-rawfastq/FORWARD/28x3x22F.fastq.gz
29x1x4	/Users/drgeasy/GoogleDrive/manifest_example/timedfeeding/2-rawfastq/FORWARD/29x1x2F.fastq.gz
29x1x8	/Users/drgeasy/GoogleDrive/manifest_example/timedfeeding/2-rawfastq/FORWARD/29x1x6F.fastq.gz
29x1x12	/Users/drgeasy/GoogleDrive/manifest_example/timedfeeding/2-rawfastq/FORWARD/29x1x10F.fastq.gz
29x1x16	/Users/drgeasy/GoogleDrive/manifest_example/timedfeeding/2-rawfastq/FORWARD/29x1x14F.fastq.gz
29x1x20	/Users/drgeasy/GoogleDrive/manifest_example/timedfeeding/2-rawfastq/FORWARD/29x1x18F.fastq.gz
29x1x0	/Users/drgeasy/GoogleDrive/manifest_example/timedfeeding/2-rawfastq/FORWARD/29x1x22F.fastq.gz
29x3x4	/Users/drgeasy/GoogleDrive/manifest_example/timedfeeding/2-rawfastq/FORWARD/29x3x2F.fastq.gz
29x3x8	/Users/drgeasy/GoogleDrive/manifest_example/timedfeeding/2-rawfastq/FORWARD/29x3x6F.fastq.gz
29x3x12	/Users/drgeasy/GoogleDrive/manifest_example/timedfeeding/2-rawfastq/FORWARD/29x3x10F.fastq.gz
29x3x16	/Users/drgeasy/GoogleDrive/manifest_example/timedfeeding/2-rawfastq/FORWARD/29x3x14F.fastq.gz
29x3x20	/Users/drgeasy/GoogleDrive/manifest_example/timedfeeding/2-rawfastq/FORWARD/29x3x18F.fastq.gz
29x3x0	/Users/drgeasy/GoogleDrive/manifest_example/timedfeeding/2-rawfastq/FORWARD/29x3x22F.fastq.gz
30x1x4	/Users/drgeasy/GoogleDrive/manifest_example/timedfeeding/2-rawfastq/FORWARD/30x1x2F.fastq.gz
30x1x8	/Users/drgeasy/GoogleDrive/manifest_example/timedfeeding/2-rawfastq/FORWARD/30x1x6F.fastq.gz
30x1x12	/Users/drgeasy/GoogleDrive/manifest_example/timedfeeding/2-rawfastq/FORWARD/30x1x10F.fastq.gz
30x1x16	/Users/drgeasy/GoogleDrive/manifest_example/timedfeeding/2-rawfastq/FORWARD/30x1x14F.fastq.gz
30x1x20	/Users/drgeasy/GoogleDrive/manifest_example/timedfeeding/2-rawfastq/FORWARD/30x1x18F.fastq.gz
30x1x0	/Users/drgeasy/GoogleDrive/manifest_example/timedfeeding/2-rawfastq/FORWARD/30x1x22F.fastq.gz
30x3x4	/Users/drgeasy/GoogleDrive/manifest_example/timedfeeding/2-rawfastq/FORWARD/30x3x2F.fastq.gz
30x3x8	/Users/drgeasy/GoogleDrive/manifest_example/timedfeeding/2-rawfastq/FORWARD/30x3x6F.fastq.gz
30x3x12	/Users/drgeasy/GoogleDrive/manifest_example/timedfeeding/2-rawfastq/FORWARD/30x3x10F.fastq.gz
30x3x16	/Users/drgeasy/GoogleDrive/manifest_example/timedfeeding/2-rawfastq/FORWARD/30x3x14F.fastq.gz
30x3x20	/Users/drgeasy/GoogleDrive/manifest_example/timedfeeding/2-rawfastq/FORWARD/30x3x18F.fastq.gz
30x3x0	/Users/drgeasy/GoogleDrive/manifest_example/timedfeeding/2-rawfastq/FORWARD/30x3x22F.fastq.gz
31x3x4	/Users/drgeasy/GoogleDrive/manifest_example/timedfeeding/2-rawfastq/FORWARD/31x3x2F.fastq.gz
31x3x8	/Users/drgeasy/GoogleDrive/manifest_example/timedfeeding/2-rawfastq/FORWARD/31x3x6F.fastq.gz
31x3x12	/Users/drgeasy/GoogleDrive/manifest_example/timedfeeding/2-rawfastq/FORWARD/31x3x10F.fastq.gz
31x3x16	/Users/drgeasy/GoogleDrive/manifest_example/timedfeeding/2-rawfastq/FORWARD/31x3x14F.fastq.gz
31x3x20	/Users/drgeasy/GoogleDrive/manifest_example/timedfeeding/2-rawfastq/FORWARD/31x3x18F.fastq.gz
31x3x0	/Users/drgeasy/GoogleDrive/manifest_example/timedfeeding/2-rawfastq/FORWARD/31x3x22F.fastq.gz
32x3x4	/Users/drgeasy/GoogleDrive/manifest_example/timedfeeding/2-rawfastq/FORWARD/32x3x2F.fastq.gz
32x3x8	/Users/drgeasy/GoogleDrive/manifest_example/timedfeeding/2-rawfastq/FORWARD/32x3x6F.fastq.gz
32x3x12	/Users/drgeasy/GoogleDrive/manifest_example/timedfeeding/2-rawfastq/FORWARD/32x3x10F.fastq.gz
32x3x16	/Users/drgeasy/GoogleDrive/manifest_example/timedfeeding/2-rawfastq/FORWARD/32x3x14F.fastq.gz
32x3x20	/Users/drgeasy/GoogleDrive/manifest_example/timedfeeding/2-rawfastq/FORWARD/32x3x18F.fastq.gz
32x3x0	/Users/drgeasy/GoogleDrive/manifest_example/timedfeeding/2-rawfastq/FORWARD/32x3x22F.fastq.gz